NO,Official Strain Name,Abbr,Synonyms,Attributes,IDs,References,MPD,RawDataSource,Sample,DepthOfCovered,DepthOfGenome,Breath
0,129P2/OlaHsd,129P2,129/OlaHsd|129P2,inbred strain,MGI:2164147|MPD:834,36056,834,MouseGenomeProject,129P2,42.6117,39.954,93.763
1,129S1/SvImJ,129S1,129/SvImJ|129S1/Sv-p<+> Tyr<+> Kitl<+>|129S3/SvIm|129S3/SvImJ,inbred strain,MGI:3037980|JAX:002448|MPD:3,356,3,MouseGenomeProject,129S1,50.1718,46.9851,93.6485
2,129S5/SvEvBrd,129S5,129/SvEvBrd|129S5|129S5SvEv<Brd>,inbred strain,MGI:3487126|MPD:62,1687,62,MouseGenomeProject,129S5,22.5309,21.0792,93.5566
3,A/J,A_J,A|AJ,inbred strain,MGI:2159747|JAX:000646|MPD:4,880,4,MouseGenomeProject,A_J,75.0341,72.6227,96.7862
4,AKR/J,AKR,AK|Soat1<hid>,inbred strain,MGI:2159745|JAX:000648|MPD:15,689,15,MouseGenomeProject,AKR,92.5102,89.1857,96.4063
5,B10.D2-Hc<0> H2<d> H2-T18<c>/oSnJ,B10,,congenic|major histocompatibility congenic|mutant strain,MGI:2160070|JAX:000461|MPD:317,317,317,Peltzlab,B10,25.7762,24.991,96.9538
6,BALB/cJ,BALB,BALBc|C,inbred strain,MGI:2159737|JAX:000651|MPD:5,1756,5,MouseGenomeProject,BALB,47.8163,44.7557,93.5993
7,BPL/1J,BPL,Blood Pressure Low|BPL/1@J,inbred strain,MGI:2164247|JAX:003006|MPD:19,8,19,Peltzlab,BPL,62.2867,60.2587,96.7442
8,BPN/3J,BPN,Blood Pressure Normal|BPN/3@J,inbred strain,MGI:2162661|JAX:003004|MPD:27,9,27,Peltzlab,BPN,75.9515,73.1345,96.291
9,BTBR T<+> Itpr3<tf>/J,BTBR,BTBR T<+> tf/J,inbred strain|mutant strain,MGI:2162761|JAX:002282|MPD:1,82,1,Peltzlab,BTBR,102.109,98.3057,96.2756
10,BUB/BnJ,BUB,BUB/BnJ-Pde6b<rd1>,inbred strain,MGI:2159907|JAX:000653|MPD:24,99,24,MouseGenomeProject,BUB,62.4712,60.0758,96.1656
11,C3H/HeJ,C3H,C3|C3H Heston|C3H/HeJ-Pde6b<rd1>,inbred strain,MGI:2159741|JAX:000659|MPD:6,1851,6,MouseGenomeProject,C3H,51.7295,48.459,93.6777
12,C57BL/10J,C57BL10J,B10|Black 10|Black 10 J|C57BL10,inbred strain,MGI:2159754|JAX:000665|MPD:38,160,38,MouseGenomeProject,C57BL10J,30.5295,29.6376,97.0786
13,C57BL/6J,C57BL/6J,B6|B6J|Black 6|C57 Black,inbred strain,MGI:3028467|JAX:000664|MPD:7,10435,7,Peltzlab,,,,
14,C57BL/6NJ,C57BL6NJ,B6N|Black 6N|C57BL/6NCrJ,inbred strain,MGI:3056279|JAX:005304|MPD:182,48,182,MouseGenomeProject,C57BL6NJ,50.2248,47.2221,94.0214
15,C57BR/cdJ,C57BRcd,BR|Brown cd|C57 Brown,inbred strain,MGI:2159792|JAX:000667|MPD:32,214,32,MouseGenomeProject,C57BRcd,43.4525,42.076,96.8322
16,C57L/J,C57LJ,C57 Leaden|L|leaden,inbred strain,MGI:2159746|JAX:000668|MPD:37,351,37,MouseGenomeProject,C57LJ,38.0276,36.7596,96.6658
17,C58/J,C58,,inbred strain,MGI:2159755|JAX:000669|MPD:28,284,28,MouseGenomeProject,C58,48.0646,46.5711,96.8928
18,CAST/EiJ,CAST,Castaneus Eicher,inbred strain|wild-derived,MGI:2159793|JAX:000928|MPD:2,396,2,MouseGenomeProject,CAST,41.8123,38.8388,92.8884
19,CBA/J,CBA,CBA Jackson|CBA/J-Mx1<s2>|CBA/J-Pde6b<rd1>,inbred strain,MGI:2159756|JAX:000656|MPD:16,400,16,MouseGenomeProject,CBA,45.2875,42.3797,93.5792
20,CE/J,CEJ,Extreme Dilution,inbred strain,MGI:2159757|JAX:000657|MPD:25,185,25,Peltzlab,CEJ,39.8382,38.4909,96.6182
21,DBA/1J,DBA1J,D1|DBA1,inbred strain,MGI:2159759|JAX:000670|MPD:65,154,65,MouseGenomeProject,DBA1J,83.2954,80.5576,96.7131
22,DBA/2J,DBA,D2|D2J|DBA2,inbred strain,MGI:2684695|JAX:000671|MPD:8,1783,8,MouseGenomeProject,DBA,43.5402,40.7173,93.5166
23,FVB/NJ,FVB,Friend Virus B NIH Jackson|FVB,inbred strain,MGI:2163709|JAX:001800|MPD:9,799,9,MouseGenomeProject,FVB,80.7106,77.6493,96.207
24,I/LnJ,ILNJ,I Lyon|I/FnLn|I/J|I/Lyn,inbred strain,MGI:2159844|JAX:000674|MPD:30,105,30,MouseGenomeProject,ILNJ,37.5007,36.2439,96.6486
25,KK/HlJ,KK,Kasukabe,inbred strain,MGI:2161953|JAX:002106|MPD:18,43,18,MouseGenomeProject,KK,87.9193,85.0797,96.7702
26,LG/J,LGJ,Large,inbred strain,MGI:2159748|JAX:000675|MPD:78,107,78,Peltzlab,LGJ,26.5645,25.6246,96.4619
27,LP/J,LPJ,LP,inbred strain,MGI:2159761|JAX:000676|MPD:10,116,10,MouseGenomeProject,LPJ,42.732,40.0055,93.6197
28,MA/MyJ,MAMy,,inbred strain,MGI:2159846|JAX:000677|MPD:20,93,20,Peltzlab,MAMy,27.6736,26.527,95.8565
29,MOLF/EiJ,MOLF,,inbred strain|wild-derived,MGI:2159862|JAX:000550|MPD:40,93,40,MouseGenomeProject,MOLF,32.2806,30.6798,95.041
30,MRL/MpJ,MRL,Murphy Roths Large,inbred strain,MGI:2160037|JAX:000486|APB:2399|MPD:58,101,58,Peltzlab,MRL,85.7397,82.4707,96.1873
31,NOD/ShiLtJ,NOD,NOD/LtJ|Non-obese Diabetic,inbred strain,MGI:2162056|JAX:001976|MPD:13,162,13,MouseGenomeProject,NOD,43.8753,41.0124,93.4749
32,NON/ShiLtJ,NON,Non-obese Non-diabetic|NON/LtJ,inbred strain,MGI:2163530|JAX:002423|MPD:34,43,34,Peltzlab,NON,42.8455,41.1579,96.0612
33,NOR/LtJ,NOR,NOR,inbred strain,MGI:2162087|JAX:002050|MPD:106,18,106,Peltzlab,NOR,99.7815,96.0937,96.3042
34,NU/J,NUJ,athymic nude,inbred strain|spontaneous mutation,MGI:2161860|JAX:002019|MPD:127,14,127,Peltzlab,NUJ,41.6714,40.2966,96.701
35,NZB/BlNJ,NZB,New Zealand Black,inbred strain,MGI:2180844|JAX:000684|MPD:11,222,11,MouseGenomeProject,NZB,68.5334,66.3156,96.7639
36,NZO/HlLtJ,NZO,New Zealand Obese|NZO/HILtJ|NZO/HlJ,inbred strain,MGI:2173835|JAX:002105|MPD:122,50,122,MouseGenomeProject,NZO,52.667,49.3448,93.692
37,NZW/LacJ,NZW,New Zealand White,inbred strain,MGI:2159914|JAX:001058|MPD:36,92,36,MouseGenomeProject,NZW,82.852,80.1385,96.725
38,P/J,PJ,P/J-Pde6b<rd1>,inbred strain,MGI:2159762|JAX:000679|MPD:55,108,55,Peltzlab,PJ,37.7568,36.5037,96.6811
39,PL/J,PLJ,PL|PL/J-Pde6b<rd1>,inbred strain,MGI:2159749|JAX:000680|MPD:14,165,14,Peltzlab,PLJ,33.7058,32.341,95.9508
40,PWD/PhJ,PWD,PWD/Ph,inbred strain|wild-derived,MGI:2163136|JAX:004660|MPD:101,36,101,Peltzlab,PWD,136.885,131.674,96.1933
41,PWK/PhJ,PWK,,inbred strain|wild-derived,MGI:2160654|JAX:003715|MPD:217,54,217,MouseGenomeProject,PWK,173.032,166.583,96.2733
42,RBF/DnJ,RBF,POSF,chromosome aberration|inbred strain|Robertsonian|translocation,MGI:2161383|JAX:000726|MPD:33,26,33,Peltzlab,RBF,168.187,161.958,96.2965
43,RF/J,RFJ,,inbred strain,MGI:2159750|JAX:000682|MPD:74,130,74,MouseGenomeProject,RFJ,82.8999,79.8045,96.2661
44,RHJ/LeJ,RHJ,,inbred strain|mutant strain|spontaneous mutation,MGI:2162860|JAX:001591|MPD:187,5,187,Peltzlab,RHJ,41.3288,39.9737,96.7213
45,RIIIS/J,RIIIS,R3,inbred strain,MGI:2159809|JAX:000683|MPD:26,110,26,Peltzlab,RIIIS,40.4453,39.0823,96.6299
46,SEA/GnJ,SEA,sea Green,mutant strain|recombinant inbred (RI)|spontaneous mutation,MGI:2159763|JAX:000644|MPD:29,51,29,MouseGenomeProject,SEA,43.1363,41.5155,96.2426
47,SJL/J,SJL,SJL/J-Pde6b<rd1>|Swiss Jim Lambert,inbred strain,MGI:2159739|JAX:000686|MPD:17,366,17,Peltzlab,SJL,45.6561,43.9143,96.1848
48,SM/J,SMJ,small,inbred strain,MGI:2159787|JAX:000687|MPD:31,269,31,Peltzlab,SMJ,26.9924,26.0407,96.4742
49,SPRET/EiJ,SPRET,,inbred strain|wild-derived,MGI:2160671|JAX:001146|MPD:39,701,39,MouseGenomeProject,SPRET,52.1803,48.3358,92.6322
50,ST/bJ,ST,,inbred strain,MGI:2159751|JAX:000688|MPD:69,62,69,MouseGenomeProject,ST,71.2917,68.5746,96.1887
51,SWR/J,SWR,SW|swiss|SWR/J-Pde6b<rd1>,inbred strain,MGI:2180845|JAX:000689|MPD:12,349,12,Peltzlab,SWR,20.8048,19.8618,95.4676
52,TALLYHO/JngJ,TALLYHO,TallyHo/JngJ|TH,inbred strain,MGI:3511696|JAX:005314|MPD:46,15,46,Peltzlab,TALLYHO,133.925,129.204,96.4752
53,WSB/EiJ,WSB,Watkin Star line B|WSB/Ei,inbred strain|wild-derived,MGI:2160667|JAX:001145|MPD:42,67,42,MouseGenomeProject,WSB,39.5514,36.9543,93.4337
